year,region,voting_eligible_population,total_ballots_counted,highest_office,percent_total_ballots_counted,percent_highest_office
2014,United States,227157964.00,83262122.00,81687059.00,0.366538423,0.359604645
2014,Alabama,3588783.00,1191274.00,1180413.00,0.331943726,0.328917352
2014,Alaska,520562.00,285431.00,282382.00,0.548313169,0.542456038
2014,Arizona,4510186.00,1537671.00,1506416.00,0.340932946,0.334003077
2014,Arkansas,2117881.00,852642.00,848592.00,0.402592025,0.400679736
2014,California,24440416.00,7513972.00,7317581.00,0.30744043,0.299404928
2014,Colorado,3800664.00,2080071.00,2041020.00,0.547291473,0.53701669
2014,Connecticut,2577311.00,1096556.00,1089880.00,0.425465146,0.422874849
2014,Delaware,681526.00,238110.00,234038.00,0.34937772,0.343402893
2014,District of Columbia,495899.00,177176.00,175071.00,0.35728243,0.353037615
2014,Florida,13914216.00,6026802.00,5951561.00,0.433139891,0.4277324
2014,Georgia,6725041.00,2596947.00,2567761.00,0.386160768,0.381820869
2014,Hawaii,1012123.00,369554.00,366125.00,0.365127559,0.36173963
2014,Idaho,1119882.00,445307.00,439830.00,0.39763743,0.392746736
2014,Illinois,9028752.00,3680417.00,3627690.00,0.407632971,0.401793072
2014,Indiana,4829510.00,1387622.00,1341814.00,0.287321488,0.277836468
2014,Iowa,2269179.00,1142284.00,1129700.00,0.503390874,0.497845256
2014,Kansas,2048164.00,887023.00,869502.00,0.433082019,0.424527528
2014,Kentucky,3247300.00,1459409.00,1435868.00,0.449422289,0.442172882
2014,Louisiana,3349433.00,1503975.00,1472039.00,0.44902376,0.439489012
2014,Maine,1051557.00,616996.00,611255.00,0.586745179,0.581285655
2014,Maryland,4154546.00,1745104.00,1733177.00,0.42004686,0.417176028
2014,Massachusetts,4896296.00,2186789.00,2158326.00,0.446621078,0.440807909
2014,Michigan,7383958.00,3188956.00,3156531.00,0.431876238,0.427484961
2014,Minnesota,3935121.00,1992613.00,1981511.00,0.506366386,0.503545126
2014,Mississippi,2181131.00,,631858.00,0,0.289692825
2014,Missouri,4493722.00,1509025.00,1426303.00,0.335807377,0.317399029
2014,Montana,787748.00,373831.00,369826.00,0.474556584,0.469472471
2014,Nebraska,1334453.00,552115.00,539891.00,0.413738813,0.404578505
2014,Nevada,1867644.00,552546.00,547349.00,0.295851886,0.293069236
2014,New Hampshire,1025862.00,495565.00,488159.00,0.483071797,0.475852503
2014,New Jersey,6014127.00,1955042.00,1869535.00,0.325074944,0.310857253
2014,New Mexico,1449503.00,,512805.00,0,0.353779882
2014,New York,13553426.00,3930310.00,3819010.00,0.289986458,0.281774512
2014,North Carolina,7143737.00,2939767.00,2915281.00,0.411516689,0.408089072
2014,North Dakota,567221.00,255128.00,248670.00,0.449785886,0.438400553
2014,Ohio,8701243.00,3149876.00,3055913.00,0.362002992,0.35120419
2014,Oklahoma,2755091.00,825607.00,824831.00,0.299665964,0.299384303
2014,Oregon,2887517.00,1541782.00,1469717.00,0.533947333,0.508989904
2014,Pennsylvania,9689491.00,3535576.00,3495866.00,0.364887691,0.360789437
2014,Rhode Island,776286.00,329212.00,324055.00,0.424085968,0.417442798
2014,South Carolina,3584461.00,1261611.00,1246301.00,0.351966725,0.347695511
2014,South Dakota,630989.00,282291.00,279412.00,0.447378639,0.44281596
2014,Tennessee,4799476.00,1430117.00,1374065.00,0.29797357,0.286294796
2014,Texas,16675420.00,,4727208.00,0,0.283483594
2014,Utah,1905801.00,577973.00,565970.00,0.303270383,0.296972244
2014,Vermont,495884.00,202445.00,193087.00,0.40825072,0.389379371
2014,Virginia,5962456.00,2194346.00,2184473.00,0.368027202,0.366371341
2014,Washington,4928407.00,2123901.00,2029189.00,0.430950812,0.411733244
2014,West Virginia,1447652.00,462864.00,451498.00,0.319734301,0.311882966
2014,Wisconsin,4260427.00,2422248.00,2410314.00,0.568545829,0.565744701
2014,Wyoming,431434.00,171153.00,168390.00,0.39670726,0.390303036
2012,United States,222474111.00,130292355.00,129070906.00,0.585651762,0.580161464
2012,Alabama,3539217.00,,2074338.00,0,0.586100824
2012,Alaska,511792.00,301694.00,300495.00,0.589485572,0.587142824
2012,Arizona,4387900.00,2323579.00,2306559.00,0.529542378,0.525663529
2012,Arkansas,2109847.00,1078548.00,1069468.00,0.511197257,0.506893628
2012,California,23681837.00,13202158.00,13038547.00,0.557480317,0.550571605
2012,Colorado,3675871.00,2596173.00,2569522.00,0.706274241,0.699023986
2012,Connecticut,2543202.00,1560640.00,1558960.00,0.613651609,0.612991025
2012,Delaware,663967.00,,413921.00,0,0.623405983
2012,District of Columbia,477582.00,294254.00,293764.00,0.616132936,0.615106935
2012,Florida,13495057.00,8538264.00,8474179.00,0.63269566,0.627946885
2012,Georgia,6606607.00,3919355.00,3900050.00,0.59324779,0.590325715
2012,Hawaii,982902.00,437159.00,434697.00,0.444763567,0.44225874
2012,Idaho,1091410.00,666290.00,652274.00,0.610485519,0.597643415
2012,Illinois,8899143.00,5279752.00,5242014.00,0.593287691,0.589047058
2012,Indiana,4755291.00,2663368.00,2624534.00,0.560085177,0.551918694
2012,Iowa,2251748.00,1589951.00,1582180.00,0.70609633,0.702645234
2012,Kansas,2030686.00,1182771.00,1156254.00,0.582448985,0.569390836
2012,Kentucky,3229185.00,1815843.00,1797212.00,0.562322382,0.556552814
2012,Louisiana,3311626.00,2014548.00,1994065.00,0.60832594,0.602140761
2012,Maine,1046008.00,724758.00,713180.00,0.692879978,0.681811229
2012,Maryland,4063582.00,2734062.00,2707327.00,0.672820679,0.666241508
2012,Massachusetts,4809675.00,3184196.00,3167767.00,0.662039743,0.658623919
2012,Michigan,7312725.00,4780701.00,4730961.00,0.653750962,0.64694912
2012,Minnesota,3861598.00,2950780.00,2936561.00,0.764134433,0.760452279
2012,Mississippi,2166825.00,,1285584.00,0,0.593303105
2012,Missouri,4432957.00,,2757323.00,0,0.622005357
2012,Montana,774476.00,491966.00,484048.00,0.635224332,0.625000646
2012,Nebraska,1316915.00,804245.00,794379.00,0.610703804,0.603212052
2012,Nevada,1800969.00,1016664.00,1014918.00,0.564509439,0.563539961
2012,New Hampshire,1013420.00,718700.00,710972.00,0.709182767,0.701557104
2012,New Jersey,5918182.00,3683638.00,3640292.00,0.622427293,0.615103084
2012,New Mexico,1436363.00,786522.00,783757.00,0.54757885,0.545653849
2012,New York,13324107.00,7128852.00,7074723.00,0.53503413,0.530971644
2012,North Carolina,6947954.00,4542488.00,4505372.00,0.653787863,0.648445859
2012,North Dakota,539164.00,325564.00,322627.00,0.603831116,0.598383794
2012,Ohio,8649495.00,5632423.00,5580822.00,0.651185185,0.645219403
2012,Oklahoma,2713268.00,,1334872.00,0,0.491979414
2012,Oregon,2836101.00,1820507.00,1789270.00,0.641904855,0.63089079
2012,Pennsylvania,9651432.00,,5742040.00,0,0.594941766
2012,Rhode Island,768918.00,,446049.00,0,0.580099568
2012,South Carolina,3486838.00,1981516.00,1964118.00,0.568284503,0.563294882
2012,South Dakota,613190.00,368270.00,363815.00,0.60058057,0.593315286
2012,Tennessee,4736084.00,2478870.00,2458577.00,0.523400767,0.519116004
2012,Texas,16119973.00,,7993851.00,0,0.495897295
2012,Utah,1833339.00,1028786.00,1017440.00,0.561154266,0.554965557
2012,Vermont,493355.00,301793.00,299290.00,0.611715702,0.606642276
2012,Virginia,5834676.00,3888186.00,3854489.00,0.666392787,0.660617488
2012,Washington,4822060.00,3172939.00,3125516.00,0.658004878,0.648170284
2012,West Virginia,1447066.00,,670438.00,0,0.463308515
2012,Wisconsin,4209370.00,,3068434.00,0,0.728953264
2012,Wyoming,425142.00,250701.00,249061.00,0.589687681,0.585830146
2010,United States,217551109.00,90912015.00,89099476.00,0.417888079,0.409556524
2010,Alabama,3472582.00,1503232.00,1494273.00,0.432885962,0.430306037
2010,Alaska,493764.00,261128.00,256192.00,0.52885184,0.518855162
2010,Arizona,4209544.00,1750840.00,1727791.00,0.415921534,0.41044612
2010,Arkansas,2081156.00,789773.00,781333.00,0.37948765,0.375432212
2010,California,22946053.00,10529134.00,10095485.00,0.458864712,0.43996608
2010,Colorado,3533054.00,1828323.00,1787730.00,0.517490817,0.506001324
2010,Connecticut,2512981.00,1153872.00,1153115.00,0.459164634,0.458863398
2010,Delaware,646969.00,316754.00,307402.00,0.489596874,0.475141776
2010,District of Columbia,458619.00,135846.00,132656.00,0.296206655,0.28925099
2010,Florida,12961184.00,5473787.00,5411106.00,0.422321526,0.41748547
2010,Georgia,6464845.00,2623035.00,2576161.00,0.405738266,0.398487667
2010,Hawaii,959531.00,386302.00,382563.00,0.402594601,0.398697906
2010,Idaho,1069446.00,459079.00,452535.00,0.429268051,0.423148995
2010,Illinois,8798829.00,3792770.00,3729989.00,0.43105395,0.423918796
2010,Indiana,4697111.00,1791832.00,1744481.00,0.381475337,0.371394459
2010,Iowa,2234516.00,1133429.00,1116063.00,0.507236914,0.499465209
2010,Kansas,2011497.00,857658.00,838790.00,0.426377966,0.416997888
2010,Kentucky,3198093.00,1417995.00,1356468.00,0.443387669,0.424149016
2010,Louisiana,3249524.00,1298649.00,1264994.00,0.39964284,0.389285938
2010,Maine,1038201.00,580584.00,572766.00,0.559221191,0.551690858
2010,Maryland,4001034.00,1868179.00,1857880.00,0.46692405,0.464349966
2010,Massachusetts,4693670.00,2319963.00,2297039.00,0.494274843,0.489390818
2010,Michigan,7245281.00,3268217.00,3226088.00,0.45108216,0.445267478
2010,Minnesota,3802677.00,2123369.00,2107021.00,0.558387946,0.554088869
2010,Mississippi,2129334.00,,788549.00,0,0.37032659
2010,Missouri,4366435.00,1997271.00,1943899.00,0.457414573,0.445191329
2010,Montana,758653.00,367096.00,360341.00,0.483878664,0.474974725
2010,Nebraska,1301483.00,503514.00,487988.00,0.386877124,0.374947656
2010,Nevada,1747288.00,723515.00,721404.00,0.414078847,0.412870689
2010,New Hampshire,999918.00,461423.00,456588.00,0.46146084,0.456625443
2010,New Jersey,5834037.00,2200974.00,2121584.00,0.37726432,0.363656247
2010,New Mexico,1408872.00,630013.00,602827.00,0.447175471,0.427879183
2010,New York,13135048.00,4763899.00,4658586.00,0.362686075,0.354668365
2010,North Carolina,6785463.00,2700706.00,2660079.00,0.398013518,0.392026159
2010,North Dakota,516974.00,241039.00,238812.00,0.466249753,0.461941993
2010,Ohio,8571952.00,3956028.00,3852453.00,0.461508417,0.449425405
2010,Oklahoma,2666767.00,1043507.00,1034767.00,0.391300402,0.388023026
2010,Oregon,2760607.00,1487210.00,1453548.00,0.538725722,0.526532027
2010,Pennsylvania,9565822.00,4055336.00,3987551.00,0.423940149,0.416853983
2010,Rhode Island,763534.00,346357.00,342290.00,0.453623545,0.448296998
2010,South Carolina,3388417.00,1365480.00,1344198.00,0.402984639,0.39670383
2010,South Dakota,599507.00,323410.00,317083.00,0.539459923,0.528906251
2010,Tennessee,4622919.00,1620619.00,1601549.00,0.350561842,0.346436743
2010,Texas,15514007.00,5066957.00,4979870.00,0.326605306,0.320991862
2010,Utah,1772934.00,653274.00,643307.00,0.368470569,0.362848814
2010,Vermont,488942.00,243617.00,241605.00,0.498253372,0.494138364
2010,Virginia,5660589.00,2214505.00,2189841.00,0.391214589,0.386857445
2010,Washington,4724350.00,2565589.00,2511094.00,0.543056505,0.531521585
2010,West Virginia,1442003.00,536493.00,529948.00,0.372047076,0.367508251
2010,Wisconsin,4172130.00,2185021.00,2171331.00,0.523718341,0.520437043
2010,Wyoming,414536.00,190822.00,188463.00,0.460326727,0.454636027
2008,United States,213313508.00,132609063.00,131304731.00,0.621662755,0.61554813
2008,Alabama,3454510.00,2105622.00,2099819.00,0.609528414,0.607848581
2008,Alaska,479429.00,327341.00,326197.00,0.682772632,0.68038646
2008,Arizona,4046075.00,2320851.00,2293475.00,0.573605531,0.566839468
2008,Arkansas,2071563.00,1095958.00,1086617.00,0.529048839,0.524539683
2008,California,22261504.00,13743177.00,13561900.00,0.617351685,0.609208614
2008,Colorado,3382959.00,2422236.00,2401361.00,0.716011042,0.709840409
2008,Connecticut,2471082.00,,1646792.00,0,0.666425477
2008,Delaware,628200.00,413562.00,412398.00,0.658328558,0.656475645
2008,District of Columbia,432566.00,266871.00,265853.00,0.616948627,0.614595229
2008,Florida,12687407.00,8453743.00,8390744.00,0.666309751,0.661344276
2008,Georgia,6281872.00,3940705.00,3924440.00,0.627313801,0.624724604
2008,Hawaii,930067.00,456064.00,453568.00,0.490356071,0.487672393
2008,Idaho,1029416.00,667506.00,655032.00,0.648431732,0.636314182
2008,Illinois,8681138.00,5578195.00,5523051.00,0.642564949,0.636212787
2008,Indiana,4653019.00,2805986.00,2751054.00,0.603046323,0.591240655
2008,Iowa,2216094.00,1543662.00,1537123.00,0.696568828,0.693618141
2008,Kansas,1991759.00,1264208.00,1235872.00,0.634719361,0.62049274
2008,Kentucky,3152629.00,1858578.00,1826508.00,0.589532736,0.579360274
2008,Louisiana,3205794.00,1979852.00,1960761.00,0.617585534,0.611630379
2008,Maine,1036242.00,744456.00,731163.00,0.718419057,0.705590972
2008,Maryland,3925117.00,2661905.00,2631596.00,0.678172141,0.670450333
2008,Massachusetts,4612550.00,3102995.00,3080985.00,0.672728751,0.667956987
2008,Michigan,7229512.00,5039080.00,5001766.00,0.697015234,0.69185389
2008,Minnesota,3740142.00,2921147.00,2910369.00,0.781025694,0.778143985
2008,Mississippi,2113347.00,,1289856.00,0,0.610338009
2008,Missouri,4327572.00,2950504.00,2925205.00,0.681792007,0.675946004
2008,Montana,741853.00,497599.00,491960.00,0.670751483,0.663150247
2008,Nebraska,1274719.00,811923.00,801281.00,0.63694273,0.628594224
2008,Nevada,1696831.00,970019.00,967848.00,0.571665063,0.570385619
2008,New Hampshire,992226.00,719643.00,710970.00,0.725281337,0.716540385
2008,New Jersey,5776527.00,3910220.00,3868237.00,0.676915385,0.669647524
2008,New Mexico,1362629.00,833365.00,830158.00,0.611586132,0.609232594
2008,New York,12948969.00,7721718.00,7640640.00,0.596319136,0.590057788
2008,North Carolina,6584302.00,4354571.00,4310789.00,0.661356511,0.654707059
2008,North Dakota,504762.00,321133.00,316621.00,0.636206767,0.627267901
2008,Ohio,8513079.00,5773777.00,5698260.00,0.678224295,0.669353591
2008,Oklahoma,2619121.00,1474694.00,1462661.00,0.563049206,0.558454917
2008,Oregon,2700327.00,1845251.00,1827864.00,0.683343536,0.676904686
2008,Pennsylvania,9457942.00,6071357.00,6012692.00,0.641932145,0.635729422
2008,Rhode Island,763608.00,475428.00,471766.00,0.622607411,0.617811757
2008,South Carolina,3311044.00,1927153.00,1920969.00,0.582037871,0.580170182
2008,South Dakota,590720.00,387449.00,381975.00,0.655892809,0.646626151
2008,Tennessee,4563192.00,2618238.00,2599749.00,0.573773359,0.56972159
2008,Texas,14929810.00,,8077795.00,0,0.541051427
2008,Utah,1700286.00,971185.00,952370.00,0.5711892,0.560123415
2008,Vermont,482677.00,326822.00,325046.00,0.677102907,0.673423428
2008,Virginia,5555415.00,3753059.00,3723260.00,0.675567712,0.670203756
2008,Washington,4561163.00,3071587.00,3036878.00,0.673421888,0.665812206
2008,West Virginia,1430439.00,731691.00,713362.00,0.511514996,0.498701448
2008,Wisconsin,4120694.00,2997086.00,2983417.00,0.727325543,0.724008383
2008,Wyoming,405732.00,256035.00,254658.00,0.63104463,0.627650765
2006,United States,207643594.00,85769132.00,83815592.00,0.413059369,0.403651229
2006,Alabama,3338467.00,,1250401.00,0,0.374543466
2006,Alaska,465169.00,238307.00,237322.00,0.512301981,0.510184471
2006,Arizona,3923786.00,1553032.00,1526782.00,0.395799363,0.389109396
2006,Arkansas,2004193.00,780409.00,774680.00,0.389388148,0.386529641
2006,California,21582217.00,8899059.00,8679416.00,0.412332941,0.402155905
2006,Colorado,3297308.00,1586105.00,1558405.00,0.481030283,0.47262949
2006,Connecticut,2437559.00,1162391.00,1134780.00,0.476866816,0.465539501
2006,Delaware,601341.00,258053.00,254099.00,0.42912923,0.422553925
2006,District of Columbia,426612.00,122356.00,120620.00,0.286808622,0.282739351
2006,Florida,12187858.00,4884544.00,4829270.00,0.400771325,0.396236156
2006,Georgia,6115331.00,2143845.00,2122258.00,0.350568923,0.347038942
2006,Hawaii,908925.00,348988.00,344315.00,0.383956872,0.378815634
2006,Idaho,993010.00,458927.00,450832.00,0.462157481,0.454005498
2006,Illinois,8667453.00,3586292.00,3486671.00,0.413765382,0.402271694
2006,Indiana,4559294.00,1719351.00,1666922.00,0.377109044,0.365609676
2006,Iowa,2178322.00,1071509.00,1048033.00,0.491896515,0.481119412
2006,Kansas,1948850.00,864083.00,849700.00,0.443380968,0.436000718
2006,Kentucky,3100828.00,1370062.00,1253526.00,0.441837471,0.404255251
2006,Louisiana,3043573.00,954896.00,902498.00,0.313741777,0.296525827
2006,Maine,1016287.00,,550865.00,0,0.542036846
2006,Maryland,3833349.00,1809237.00,1788316.00,0.471972941,0.466515311
2006,Massachusetts,4552794.00,2243835.00,2219779.00,0.492847908,0.48756412
2006,Michigan,7292624.00,3852008.00,3801256.00,0.528206034,0.521246673
2006,Minnesota,3667707.00,2217552.00,2202987.00,0.604615363,0.600644217
2006,Mississippi,2077420.00,,610921.00,0,0.294076788
2006,Missouri,4253541.00,2178278.00,2128459.00,0.512109323,0.500396963
2006,Montana,720447.00,411061.00,406505.00,0.570563831,0.564239979
2006,Nebraska,1251027.00,610499.00,596087.00,0.487998261,0.476478126
2006,Nevada,1579222.00,586274.00,582572.00,0.371242295,0.368898103
2006,New Hampshire,975281.00,418550.00,403531.00,0.429158366,0.413758701
2006,New Jersey,5701033.00,2315643.00,2250070.00,0.406179547,0.394677596
2006,New Mexico,1320285.00,568597.00,561084.00,0.430662319,0.424971881
2006,New York,12878632.00,4703830.00,4490053.00,0.365242985,0.348643629
2006,North Carolina,6264630.00,2036451.00,1940808.00,0.325071233,0.309804091
2006,North Dakota,486142.00,220479.00,218152.00,0.453527982,0.448741314
2006,Ohio,8461211.00,4184072.00,4022754.00,0.494500374,0.475434781
2006,Oklahoma,2547224.00,,926462.00,0,0.363714381
2006,Oregon,2628937.00,1399650.00,1379475.00,0.532401499,0.524727295
2006,Pennsylvania,9283762.00,,4096077.00,0,0.441208747
2006,Rhode Island,754219.00,392882.00,384993.00,0.520912361,0.510452534
2006,South Carolina,3152046.00,1117311.00,1091952.00,0.354471667,0.346426416
2006,South Dakota,580592.00,341105.00,335508.00,0.587512401,0.577872241
2006,Tennessee,4433921.00,1868363.00,1833695.00,0.421379407,0.413560593
2006,Texas,14255313.00,,4399068.00,0,0.30859147
2006,Utah,1664323.00,582561.00,571252.00,0.350028811,0.343233855
2006,Vermont,478247.00,263025.00,262726.00,0.549977313,0.549352113
2006,Virginia,5385522.00,2398589.00,2370445.00,0.445377254,0.440151391
2006,Washington,4403981.00,2085074.00,2083734.00,0.473452088,0.473147818
2006,West Virginia,1401490.00,473014.00,459884.00,0.337507938,0.328139337
2006,Wisconsin,4064432.00,2183155.00,2161700.00,0.537136554,0.531857834
2006,Wyoming,379127.00,196217.00,193892.00,0.517549528,0.511417019
2004,United States,203483455.00,123535883.00,122294978.00,0.607105295,0.601006986
2004,Alabama,3292608.00,1890317.00,1883415.00,0.574109338,0.572013128
2004,Alaska,452124.00,314502.00,312598.00,0.695610054,0.69139882
2004,Arizona,3717055.00,2038069.00,2012585.00,0.548302083,0.541446118
2004,Arkansas,1969208.00,1070573.00,1054945.00,0.543656638,0.535720452
2004,California,21132533.00,12589367.00,12421852.00,0.595733933,0.587807056
2004,Colorado,3192647.00,2148036.00,2129630.00,0.672807235,0.667042113
2004,Connecticut,2429634.00,1607808.00,1578769.00,0.661749054,0.649797048
2004,Delaware,584817.00,377407.00,375190.00,0.645342047,0.641551118
2004,District of Columbia,419142.00,230105.00,227586.00,0.548990557,0.54298066
2004,Florida,11811921.00,7640319.00,7609810.00,0.646831197,0.644248298
2004,Georgia,5878186.00,3317336.00,3301875.00,0.564346892,0.561716659
2004,Hawaii,889540.00,431662.00,429013.00,0.485264294,0.48228635
2004,Idaho,946160.00,612786.00,598376.00,0.647655788,0.632425805
2004,Illinois,8576696.00,5350493.00,5274322.00,0.623840812,0.614959653
2004,Indiana,4504260.00,2512142.00,2468002.00,0.557725797,0.547926185
2004,Iowa,2156389.00,1521966.00,1506908.00,0.705793806,0.698810836
2004,Kansas,1928764.00,1213108.00,1187756.00,0.628956161,0.615811992
2004,Kentucky,3057741.00,1816867.00,1795860.00,0.594186035,0.58731593
2004,Louisiana,3182762.00,1956590.00,1943106.00,0.614745935,0.610509363
2004,Maine,1003792.00,751519.00,740752.00,0.748680005,0.73795368
2004,Maryland,3797264.00,2395791.00,2386705.00,0.630925582,0.628532807
2004,Massachusetts,4533859.00,2927455.00,2912388.00,0.645687261,0.642364044
2004,Michigan,7263024.00,4875692.00,4839252.00,0.671303303,0.666286109
2004,Minnesota,3609185.00,2842912.00,2828387.00,0.787688079,0.783663625
2004,Mississippi,2068766.00,,1152365.00,0,0.557030133
2004,Missouri,4180960.00,2764635.00,2731364.00,0.661244068,0.653286327
2004,Montana,699114.00,456096.00,450445.00,0.652391455,0.644308367
2004,Nebraska,1236522.00,792906.00,778186.00,0.641238894,0.629334537
2004,Nevada,1501437.00,831563.00,829587.00,0.55384475,0.552528678
2004,New Hampshire,956422.00,683672.00,677738.00,0.714822536,0.708618162
2004,New Jersey,5663201.00,3638153.00,3611691.00,0.642419896,0.637747274
2004,New Mexico,1282767.00,775301.00,756304.00,0.604397369,0.589587977
2004,New York,12738056.00,7448266.00,7391249.00,0.584725487,0.580249372
2004,North Carolina,6055771.00,3552449.00,3501007.00,0.586622083,0.578127376
2004,North Dakota,482722.00,316049.00,312833.00,0.654722594,0.648060374
2004,Ohio,8427696.00,5722443.00,5627908.00,0.67900444,0.667787258
2004,Oklahoma,2510823.00,,1463758.00,0,0.582979366
2004,Oregon,2550887.00,1851671.00,1836782.00,0.725892993,0.7200562
2004,Pennsylvania,9221962.00,,5769590.00,0,0.625635846
2004,Rhode Island,747046.00,440228.00,437134.00,0.58929169,0.585150044
2004,South Carolina,3055098.00,1626720.00,1617730.00,0.532460824,0.529518202
2004,South Dakota,569161.00,394930.00,388215.00,0.693880993,0.682082926
2004,Tennessee,4328446.00,2456610.00,2437319.00,0.567550109,0.563093313
2004,Texas,13796256.00,,7410765.00,0,0.53715769
2004,Utah,1574463.00,942010.00,927844.00,0.598305581,0.589308228
2004,Vermont,470754.00,314220.00,312309.00,0.667482379,0.663422934
2004,Virginia,5277156.00,3223156.00,3198367.00,0.610775198,0.606077781
2004,Washington,4272914.00,2883499.00,2859084.00,0.674831976,0.669118077
2004,West Virginia,1396545.00,769645.00,755887.00,0.551106481,0.541255026
2004,Wisconsin,4006948.00,3016288.00,2997007.00,0.752764448,0.747952556
2004,Wyoming,370785.00,245789.00,243428.00,0.662888197,0.656520625
2002,United States,198381939.00,80295249.00,78381943.00,0.404750802,0.395106245
2002,Alabama,3285643.00,,1364602.00,0,0.415322663
2002,Alaska,427337.00,232852.00,231484.00,0.5448908,0.54168958
2002,Arizona,3419481.00,1255615.00,1226111.00,0.367194612,0.358566402
2002,Arkansas,1951568.00,814176.00,805696.00,0.41719069,0.412845466
2002,California,20733192.00,7738821.00,7476351.00,0.373257577,0.360598165
2002,Colorado,3056465.00,1424029.00,1416093.00,0.465907184,0.46331072
2002,Connecticut,2418037.00,1090756.00,1022942.00,0.451091526,0.423046463
2002,Delaware,564938.00,,232314.00,0,0.411220346
2002,District of Columbia,412062.00,,124228.00,0,0.301478904
2002,Florida,11194391.00,5143674.00,5100581.00,0.45948672,0.455637203
2002,Georgia,5731983.00,,2031604.00,0,0.354433012
2002,Hawaii,872992.00,385462.00,382110.00,0.441541274,0.437701606
2002,Idaho,921256.00,416533.00,411477.00,0.452135997,0.446647837
2002,Illinois,8540965.00,3651808.00,3538883.00,0.427563864,0.41434229
2002,Indiana,4494191.00,1562037.00,1521353.00,0.347568005,0.33851543
2002,Iowa,2136683.00,1040201.00,1023075.00,0.48682982,0.478814593
2002,Kansas,1897261.00,851966.00,835692.00,0.4490505,0.440472871
2002,Kentucky,3044267.00,,1131313.00,0,0.37162082
2002,Louisiana,3163663.00,1267225.00,1246333.00,0.400556254,0.393952516
2002,Maine,995056.00,,505190.00,0,0.507700069
2002,Maryland,3678346.00,1721626.00,1704560.00,0.468043517,0.463403932
2002,Massachusetts,4458820.00,2220301.00,2194189.00,0.497957083,0.492100825
2002,Michigan,7147888.00,3219864.00,3177565.00,0.450463689,0.444545997
2002,Minnesota,3518184.00,,2254639.00,0,0.640853065
2002,Mississippi,2047426.00,,615609.00,0,0.300674603
2002,Missouri,4116889.00,,1877620.00,0,0.456077392
2002,Montana,684572.00,340272.00,331321.00,0.497058016,0.483982693
2002,Nebraska,1204512.00,,480991.00,0,0.399324374
2002,Nevada,1391100.00,512433.00,504079.00,0.368365322,0.362360003
2002,New Hampshire,930362.00,453078.00,447135.00,0.486991085,0.480603249
2002,New Jersey,5549726.00,2161105.00,2112604.00,0.389407513,0.380668163
2002,New Mexico,1255086.00,502230.00,484229.00,0.400155846,0.385813402
2002,New York,12679865.00,4690968.00,4579078.00,0.369954097,0.36112987
2002,North Carolina,5876705.00,,2331181.00,0,0.396681644
2002,North Dakota,476251.00,237224.00,231030.00,0.498107091,0.485101344
2002,Ohio,8322521.00,3356285.00,3228992.00,0.403277444,0.387982439
2002,Oklahoma,2513143.00,,1035620.00,0,0.412081605
2002,Oregon,2495739.00,1293756.00,1267221.00,0.518385937,0.507753816
2002,Pennsylvania,9143001.00,,3545431.00,0,0.387775414
2002,Rhode Island,741776.00,337027.00,331834.00,0.454351448,0.447350683
2002,South Carolina,2982810.00,,1102010.00,0,0.369453636
2002,South Dakota,556154.00,340407.00,337497.00,0.612073275,0.606840911
2002,Tennessee,4151834.00,,1644741.00,0,0.396148064
2002,Texas,13181016.00,4552059.00,4514012.00,0.34534963,0.34246313
2002,Utah,1504529.00,568290.00,557153.00,0.377719539,0.370317222
2002,Vermont,471403.00,232993.00,230161.00,0.494254385,0.488246787
2002,Virginia,5138270.00,1661915.00,1489422.00,0.323438628,0.28986838
2002,Washington,4162032.00,1808720.00,1739116.00,0.434576188,0.417852626
2002,West Virginia,1398124.00,440156.00,436183.00,0.314819,0.311977335
2002,Wisconsin,3908088.00,,1775349.00,0,0.454275595
2002,Wyoming,370488.00,188028.00,185459.00,0.507514413,0.500580316
2000,United States,194331436.00,107390107.00,105375486.00,0.55261315,0.542246217
2000,Alabama,3241682.00,,1672551.00,0,0.515951595
2000,Alaska,419111.00,287825.00,285560.00,0.686751243,0.681346946
2000,Arizona,3357701.00,1559520.00,1532016.00,0.464460653,0.456269334
2000,Arkansas,1925961.00,,921781.00,0,0.478608341
2000,California,19685258.00,11142843.00,10965849.00,0.566050138,0.557058942
2000,Colorado,3026316.00,,1741368.00,0,0.575408516
2000,Connecticut,2357687.00,1474103.00,1459525.00,0.625232696,0.619049518
2000,Delaware,554863.00,,327529.00,0,0.590288053
2000,District of Columbia,416696.00,,201355.00,0,0.483217981
2000,Florida,10667193.00,6138765.00,5963110.00,0.575480822,0.559013979
2000,Georgia,5639668.00,2684951.00,2583208.00,0.476083167,0.458042566
2000,Hawaii,832642.00,371113.00,367951.00,0.445705357,0.441907807
2000,Idaho,877406.00,516647.00,501615.00,0.588834587,0.571702268
2000,Illinois,8432600.00,4932192.00,4742123.00,0.584895762,0.562355976
2000,Indiana,4424909.00,2246348.00,2182295.00,0.507659706,0.493184154
2000,Iowa,2082950.00,,1315563.00,0,0.631586452
2000,Kansas,1927950.00,1092716.00,1072216.00,0.566776109,0.556143054
2000,Kentucky,2955628.00,1568058.00,1544107.00,0.530532936,0.522429413
2000,Louisiana,3130267.00,1776133.00,1765656.00,0.567406231,0.564059232
2000,Maine,969292.00,,651817.00,0,0.67246712
2000,Maryland,3649631.00,2036455.00,2025480.00,0.557989287,0.554982134
2000,Massachusetts,4517052.00,2736006.00,2704984.00,0.605706111,0.598838357
2000,Michigan,7070702.00,4279299.00,4232501.00,0.605215578,0.598596999
2000,Minnesota,3506432.00,2458303.00,2438657.00,0.701083894,0.695481047
2000,Mississippi,2024650.00,,994184.00,0,0.491039933
2000,Missouri,4052255.00,,2359892.00,0,0.582365128
2000,Montana,667525.00,417916.00,410986.00,0.626067938,0.615686304
2000,Nebraska,1224178.00,707223.00,696983.00,0.577712555,0.569347758
2000,Nevada,1346116.00,613360.00,608970.00,0.455651667,0.452390433
2000,New Hampshire,890622.00,578656.00,569081.00,0.649721206,0.638970293
2000,New Jersey,5601788.00,3293378.00,3187226.00,0.587915501,0.568965837
2000,New Mexico,1234088.00,615607.00,598605.00,0.498835577,0.485058602
2000,New York,12380208.00,6960215.00,6821999.00,0.562205013,0.551040742
2000,North Carolina,5744241.00,3015964.00,2911262.00,0.525041341,0.506814042
2000,North Dakota,477968.00,292249.00,288256.00,0.611440515,0.603086399
2000,Ohio,8295592.00,4795989.00,4705457.00,0.57813704,0.567223774
2000,Oklahoma,2475220.00,,1234229.00,0,0.498634061
2000,Oregon,2364402.00,1559215.00,1533968.00,0.659454272,0.648776308
2000,Pennsylvania,9086897.00,,4912185.00,0,0.540578924
2000,Rhode Island,753877.00,412074.00,408783.00,0.546606409,0.542240976
2000,South Carolina,2944326.00,1433533.00,1382717.00,0.48687985,0.469620891
2000,South Dakota,548498.00,322159.00,316269.00,0.587347629,0.576609213
2000,Tennessee,4162996.00,2100241.00,2076181.00,0.504502286,0.498722795
2000,Texas,13033081.00,6407637.00,6407037.00,0.491644071,0.491598034
2000,Utah,1431668.00,784582.00,770754.00,0.548019513,0.538360849
2000,Vermont,459174.00,297146.00,294308.00,0.647131588,0.640950925
2000,Virginia,5069265.00,2789808.00,2739447.00,0.550337771,0.540403195
2000,Washington,4098044.00,2517028.00,2487433.00,0.614202288,0.60698055
2000,West Virginia,1390365.00,,648124.00,0,0.466153852
2000,Wisconsin,3842044.00,,2598607.00,0,0.676360552
2000,Wyoming,361078.00,221685.00,213726.00,0.613953218,0.591910889
1998,United States,190419570.00,74825832.00,72537000.00,0.392952426,0.380932485
1998,Alabama,3202052.00,,1317842.00,0,0.411561711
1998,Alaska,408758.00,227156.00,223300.00,0.555722457,0.546289002
1998,Arizona,3232815.00,1037550.00,1017616.00,0.320943203,0.31477706
1998,Arkansas,1882181.00,,706011.00,0,0.375102607
1998,California,19264556.00,8617649.00,8381871.00,0.447331825,0.435092872
1998,Colorado,2879973.00,,1327235.00,0,0.460849807
1998,Connecticut,2340956.00,1022453.00,999537.00,0.436767287,0.426978123
1998,Delaware,540896.00,,180527.00,0,0.333755472
1998,District of Columbia,398318.00,137523.00,135501.00,0.345259315,0.340182969
1998,Florida,10590870.00,4070262.00,3965751.00,0.384318002,0.374449974
1998,Georgia,5326337.00,1842145.00,1792880.00,0.345855886,0.336606565
1998,Hawaii,832172.00,412520.00,407556.00,0.495714828,0.489749715
1998,Idaho,843914.00,386720.00,381248.00,0.458245745,0.451761672
1998,Illinois,8285614.00,3541379.00,3394521.00,0.427412984,0.409688528
1998,Indiana,4348730.00,1618689.00,1588617.00,0.372221085,0.365305963
1998,Iowa,2112132.00,973032.00,956415.00,0.460687116,0.45281971
1998,Kansas,1873438.00,743288.00,727236.00,0.396750787,0.388182582
1998,Kentucky,2930780.00,1215053.00,1145414.00,0.41458349,0.390822238
1998,Louisiana,3097660.00,990243.00,969165.00,0.319674529,0.312870037
1998,Maine,943577.00,,486808.00,0,0.51591762
1998,Maryland,3571087.00,1556994.00,1535978.00,0.436000019,0.430114976
1998,Massachusetts,4430939.00,1935277.00,1903336.00,0.436764532,0.429555902
1998,Michigan,7005306.00,3143432.00,3036886.00,0.448721583,0.433512255
1998,Minnesota,3378089.00,2105343.00,2091766.00,0.623234912,0.619215776
1998,Mississippi,1995283.00,,550694.00,0,0.275997941
1998,Missouri,3978146.00,,1576857.00,0,0.396379871
1998,Montana,653998.00,338733.00,331551.00,0.517941951,0.506960266
1998,Nebraska,1197953.00,581775.00,545238.00,0.485640922,0.455141395
1998,Nevada,1233386.00,440042.00,435790.00,0.356775576,0.353328155
1998,New Hampshire,878508.00,330555.00,318940.00,0.376268628,0.363047348
1998,New Jersey,5505229.00,1894496.00,1813094.00,0.344126648,0.329340342
1998,New Mexico,1199320.00,517355.00,498703.00,0.431373612,0.415821465
1998,New York,12263356.00,4989877.00,4735236.00,0.406893268,0.386128887
1998,North Carolina,5624292.00,,2012143.00,0,0.357759341
1998,North Dakota,475629.00,217584.00,213358.00,0.457465798,0.448580722
1998,Ohio,8237516.00,3534782.00,3404351.00,0.429107755,0.413273977
1998,Oklahoma,2415036.00,,873585.00,0,0.361727527
1998,Oregon,2370381.00,1160400.00,1117747.00,0.489541555,0.471547401
1998,Pennsylvania,9075961.00,,3025152.00,0,0.333314786
1998,Rhode Island,723772.00,309835.00,306445.00,0.428083706,0.42339991
1998,South Carolina,2825173.00,1092430.00,1077135.00,0.386677205,0.381263377
1998,South Dakota,534711.00,266355.00,262111.00,0.498128896,0.490191898
1998,Tennessee,4092745.00,1026017.00,976236.00,0.250691651,0.23852842
1998,Texas,12490423.00,,3738078.00,0,0.299275533
1998,Utah,1381989.00,506553.00,494909.00,0.366539097,0.35811356
1998,Vermont,444772.00,224382.00,218120.00,0.504487693,0.490408569
1998,Virginia,4900523.00,,1148861.00,0,0.234436406
1998,Washington,3930400.00,1939421.00,1902482.00,0.493441126,0.484042846
1998,West Virginia,1388176.00,405139.00,351277.00,0.291849881,0.253049325
1998,Wisconsin,3801514.00,,1760836.00,0,0.463193349
1998,Wyoming,350136.00,178401.00,174888.00,0.509519158,0.499485914
1996,United States,186347044.00,,96262935.00,0,0.516578814
1996,Alabama,3144249.00,,1534349.00,0,0.487985843
1996,Alaska,404180.00,245212.00,241620.00,0.606690089,0.597802959
1996,Arizona,3079908.00,1431342.00,1404405.00,0.46473531,0.45598927
1996,Arkansas,1844689.00,,884262.00,0,0.479355599
1996,California,18644593.00,10263490.00,10019484.00,0.550480775,0.537393549
1996,Colorado,2770252.00,,1510704.00,0,0.545330894
1996,Connecticut,2337160.00,1410746.00,1392614.00,0.603615499,0.595857365
1996,Delaware,528630.00,277418.00,270810.00,0.524786713,0.512286476
1996,District of Columbia,398839.00,189210.00,185726.00,0.474401952,0.465666597
1996,Florida,10219294.00,5444245.00,5300927.00,0.532741792,0.518717536
1996,Georgia,5181708.00,2374650.00,2298899.00,0.458275534,0.443656609
1996,Hawaii,820055.00,370230.00,360120.00,0.451469718,0.439141277
1996,Idaho,825329.00,508030.00,489481.00,0.615548466,0.593073792
1996,Illinois,8215662.00,4418270.00,4311391.00,0.537786243,0.524777066
1996,Indiana,4302745.00,2195224.00,2135431.00,0.510191517,0.49629504
1996,Iowa,2098332.00,1251983.00,1234075.00,0.596656297,0.588121899
1996,Kansas,1856507.00,1073520.00,1063452.00,0.578247214,0.572824126
1996,Kentucky,2880808.00,1419592.00,1388707.00,0.492775638,0.482054687
1996,Louisiana,3087693.00,1804640.00,1783959.00,0.584462251,0.57776437
1996,Maine,929970.00,,605897.00,0,0.651523167
1996,Maryland,3530148.00,1793991.00,1780870.00,0.508191441,0.5044746
1996,Massachusetts,4385268.00,2600278.00,2559180.00,0.592957603,0.583585769
1996,Michigan,6954059.00,3912261.00,3848844.00,0.562586685,0.553467263
1996,Minnesota,3319509.00,2211161.00,2192640.00,0.666110862,0.660531422
1996,Mississippi,1949309.00,,893857.00,0,0.458550697
1996,Missouri,3919885.00,,2158065.00,0,0.550542937
1996,Montana,645052.00,417232.00,407083.00,0.646819171,0.631085556
1996,Nebraska,1188034.00,686749.00,677415.00,0.578055005,0.570198328
1996,Nevada,1134065.00,467657.00,464279.00,0.412372307,0.409393641
1996,New Hampshire,855287.00,513700.00,499053.00,0.600617103,0.583491857
1996,New Jersey,5456334.00,3105110.00,3075860.00,0.569083564,0.563722822
1996,New Mexico,1172262.00,579763.00,556074.00,0.494567767,0.474359827
1996,New York,12175850.00,6439129.00,6316129.00,0.528844311,0.518742347
1996,North Carolina,5435970.00,,2515807.00,0,0.462807374
1996,North Dakota,475898.00,271850.00,266411.00,0.571235853,0.559806933
1996,Ohio,8185999.00,4638108.00,4534434.00,0.566590345,0.55392555
1996,Oklahoma,2368311.00,1218248.00,1206713.00,0.51439528,0.50952472
1996,Oregon,2309051.00,1399180.00,1377760.00,0.605954567,0.596678029
1996,Pennsylvania,9063470.00,,4506118.00,0,0.497173599
1996,Rhode Island,717041.00,,390247.00,0,0.544246424
1996,South Carolina,2731064.00,1203486.00,1151422.00,0.440665616,0.421601984
1996,South Dakota,529793.00,329316.00,323826.00,0.621593717,0.611231179
1996,Tennessee,3984092.00,,1894105.00,0,0.475416983
1996,Texas,12072149.00,,5611644.00,0,0.464842175
1996,Utah,1326919.00,691016.00,665629.00,0.520767281,0.501634991
1996,Vermont,435687.00,261469.00,258449.00,0.600130369,0.593198787
1996,Virginia,4811632.00,2468229.00,2416642.00,0.512971275,0.502249964
1996,Washington,3829308.00,2293895.00,2253867.00,0.599036432,0.588583368
1996,West Virginia,1386621.00,653331.00,636459.00,0.47116768,0.458999972
1996,Wisconsin,3763240.00,,2196169.00,0,0.583584624
1996,Wyoming,345112.00,215844.00,211571.00,0.625431744,0.613050256
1994,United States,182623348.00,,75105860.00,0,0.411260996
1994,Alabama,3095745.00,,1201969.00,0,0.38826486
1994,Alaska,399435.00,216668.00,213404.00,0.542436191,0.534264649
1994,Arizona,2892171.00,1153724.00,1129607.00,0.398912789,0.39057407
1994,Arkansas,1801161.00,,716840.00,0,0.397987742
1994,California,18479124.00,8900593.00,8658881.00,0.481656652,0.468576378
1994,Colorado,2648684.00,1173130.00,1116307.00,0.442910517,0.421457222
1994,Connecticut,2335579.00,1163829.00,1147084.00,0.498304275,0.491134746
1994,Delaware,512941.00,201560.00,199029.00,0.392949676,0.388015386
1994,District of Columbia,411886.00,186316.00,183649.00,0.452348465,0.445873373
1994,Florida,9810247.00,4305340.00,4206659.00,0.438861529,0.428802557
1994,Georgia,4978431.00,,1545328.00,0,0.310404623
1994,Hawaii,808904.00,377011.00,369013.00,0.466076321,0.456188868
1994,Idaho,784076.00,419330.00,413346.00,0.53480785,0.527175937
1994,Illinois,8175312.00,3219122.00,3106566.00,0.393761363,0.379993571
1994,Indiana,4235008.00,1609481.00,1543568.00,0.380042021,0.364478178
1994,Iowa,2077709.00,1022372.00,997248.00,0.492066983,0.479974818
1994,Kansas,1837694.00,836251.00,820846.00,0.455054541,0.446671753
1994,Kentucky,2829881.00,827541.00,784299.00,0.292429611,0.27714911
1994,Louisiana,3038660.00,893758.00,826837.00,0.294128991,0.272105797
1994,Maine,918204.00,,511733.00,0,0.557319506
1994,Maryland,3480270.00,1437450.00,1410299.00,0.4130283,0.405226893
1994,Massachusetts,4353287.00,2232186.00,2179945.00,0.51275875,0.500758392
1994,Michigan,6856388.00,3177740.00,3089077.00,0.463471437,0.450539993
1994,Minnesota,3253779.00,1794618.00,1772929.00,0.55154883,0.544883042
1994,Mississippi,1903794.00,621096.00,608085.00,0.326241179,0.319406932
1994,Missouri,3858946.00,,1775116.00,0,0.460000218
1994,Montana,622246.00,359455.00,350387.00,0.57767346,0.563100446
1994,Nebraska,1164502.00,593654.00,579561.00,0.509792169,0.49769
1994,Nevada,1032456.00,386582.00,380530.00,0.374429516,0.368567765
1994,New Hampshire,829590.00,319443.00,311882.00,0.385061295,0.375947155
1994,New Jersey,5392423.00,2131328.00,2054887.00,0.395244958,0.381069326
1994,New Mexico,1128243.00,485709.00,467621.00,0.430500344,0.414468337
1994,New York,12192316.00,5325323.00,5203762.00,0.436776983,0.426806687
1994,North Carolina,5244552.00,,1588190.00,0,0.302826628
1994,North Dakota,468989.00,240430.00,236547.00,0.512655947,0.504376435
1994,Ohio,8132122.00,3540954.00,3436884.00,0.435428047,0.422630649
1994,Oklahoma,2327519.00,1002363.00,995012.00,0.430657279,0.427498981
1994,Oregon,2229242.00,1254265.00,1221010.00,0.56264192,0.547724294
1994,Pennsylvania,9043585.00,,3585526.00,0,0.396471753
1994,Rhode Island,716002.00,,361377.00,0,0.504715071
1994,South Carolina,2663830.00,951901.00,934886.00,0.357342999,0.350955579
1994,South Dakota,518815.00,318090.00,311613.00,0.613108719,0.6006245
1994,Tennessee,3850228.00,,1487130.00,0,0.386244659
1994,Texas,11719888.00,,4396242.00,0,0.375109557
1994,Utah,1248726.00,532737.00,517790.00,0.426624416,0.414654616
1994,Vermont,426953.00,216715.00,211449.00,0.507585144,0.495251234
1994,Virginia,4718968.00,,2057463.00,0,0.435998506
1994,Washington,3715174.00,1733471.00,1700173.00,0.466592143,0.457629441
1994,West Virginia,1379339.00,439551.00,420936.00,0.318667855,0.30517226
1994,Wisconsin,3692668.00,,1565628.00,0,0.423982876
1994,Wyoming,337032.00,204025.00,201710.00,0.605357948,0.598489164
1992,United States,179655523.00,,104405155.00,0,0.581140804
1992,Alabama,3030549.00,,1688060.00,0,0.557014587
1992,Alaska,389898.00,261427.00,258506.00,0.670501003,0.6630093
1992,Arizona,2671933.00,1516276.00,1486975.00,0.567482792,0.556516574
1992,Arkansas,1751083.00,,950653.00,0,0.542894312
1992,California,18460157.00,11374565.00,11131721.00,0.616168378,0.603013344
1992,Colorado,2494998.00,1597166.00,1569180.00,0.640147207,0.628930364
1992,Connecticut,2356937.00,1645609.00,1616332.00,0.698198127,0.685776497
1992,Delaware,499266.00,290836.00,289735.00,0.58252715,0.580321913
1992,District of Columbia,427102.00,231445.00,227572.00,0.541896315,0.532828224
1992,Florida,9506230.00,5438612.00,5314392.00,0.57211029,0.55904307
1992,Georgia,4766958.00,,2311253.00,0,0.484848618
1992,Hawaii,795148.00,382882.00,372842.00,0.481522937,0.468896356
1992,Idaho,734855.00,491725.00,482142.00,0.669145614,0.656104946
1992,Illinois,8113900.00,5164357.00,5050157.00,0.636482703,0.62240809
1992,Indiana,4162678.00,2347912.00,2305871.00,0.564038823,0.553939315
1992,Iowa,2057690.00,1360856.00,1354607.00,0.661351321,0.658314421
1992,Kansas,1810750.00,1161044.00,1157335.00,0.641195085,0.639146762
1992,Kentucky,2772600.00,,1492900.00,0,0.538447666
1992,Louisiana,2997301.00,1799596.00,1790017.00,0.600405498,0.597209623
1992,Maine,915082.00,,679499.00,0,0.742555312
1992,Maryland,3440015.00,1999486.00,1985046.00,0.581243396,0.57704574
1992,Massachusetts,4346897.00,2822962.00,2773700.00,0.649420035,0.638087353
1992,Michigan,6786593.00,4341909.00,4274673.00,0.639777426,0.629870246
1992,Minnesota,3187255.00,2355796.00,2347948.00,0.739130066,0.73666776
1992,Mississippi,1854797.00,1008019.00,981793.00,0.543465943,0.52932639
1992,Missouri,3792675.00,,2391565.00,0,0.630574726
1992,Montana,593345.00,417564.00,410611.00,0.703745713,0.692027404
1992,Nebraska,1149525.00,744548.00,737546.00,0.647700572,0.64160936
1992,Nevada,940066.00,513387.00,506318.00,0.546118039,0.538598354
1992,New Hampshire,814160.00,545197.00,537943.00,0.669643559,0.660733762
1992,New Jersey,5398559.00,3348312.00,3343594.00,0.620223286,0.619349349
1992,New Mexico,1073421.00,590901.00,569986.00,0.55048392,0.530999487
1992,New York,12227775.00,7068630.00,6926925.00,0.578079822,0.566491042
1992,North Carolina,5077494.00,,2611850.00,0,0.514397457
1992,North Dakota,462631.00,315199.00,308133.00,0.681318373,0.666044861
1992,Ohio,8063595.00,5043094.00,4939967.00,0.625415091,0.612625882
1992,Oklahoma,2293931.00,1455635.00,1390359.00,0.634559191,0.606103235
1992,Oregon,2144867.00,1498959.00,1462643.00,0.698858717,0.681927131
1992,Pennsylvania,9010940.00,,4949810.00,0,0.549311171
1992,Rhode Island,721593.00,,453471.00,0,0.628430431
1992,South Carolina,2610725.00,1234712.00,1202527.00,0.47293836,0.460610367
1992,South Dakota,503759.00,,336254.00,0,0.667489812
1992,Tennessee,3726024.00,,1982638.00,0,0.532105537
1992,Texas,11356487.00,,6154018.00,0,0.541894514
1992,Utah,1162363.00,784988.00,743999.00,0.675338083,0.640074572
1992,Vermont,419810.00,292797.00,289701.00,0.697451228,0.690076463
1992,Virginia,4622125.00,,2558665.00,0,0.553568975
1992,Washington,3575852.00,2324907.00,2288230.00,0.650168687,0.639911831
1992,West Virginia,1365368.00,,683762.00,0,0.500789531
1992,Wisconsin,3619273.00,,2531114.00,0,0.699343211
1992,Wyoming,324253.00,203602.00,200617.00,0.627910921,0.618705147
1990,United States,176629259.00,,67859189.00,0,0.384189966
1990,Alabama,2956385.00,,1215889.00,0,0.411275595
1990,Alaska,364419.00,197540.00,194750.00,0.542068333,0.534412311
1990,Arizona,2523614.00,1094735.00,1055406.00,0.433796531,0.418212135
1990,Arkansas,1710799.00,,696209.00,0,0.406949618
1990,California,18156500.00,7899131.00,7699420.00,0.435058023,0.424058602
1990,Colorado,2366650.00,1046139.00,1022027.00,0.442033676,0.431845436
1990,Connecticut,2383795.00,1159361.00,1141101.00,0.486350966,0.478690911
1990,Delaware,486760.00,183977.00,180152.00,0.377962446,0.370104364
1990,District of Columbia,441742.00,171677.00,169066.00,0.388636353,0.382725663
1990,Florida,9145312.00,,3530871.00,0,0.386085352
1990,Georgia,4588953.00,,1449652.00,0,0.315900381
1990,Hawaii,770836.00,354144.00,349666.00,0.459428465,0.453619187
1990,Idaho,690154.00,328340.00,320610.00,0.475748891,0.464548492
1990,Illinois,8029525.00,3420720.00,3257410.00,0.426017728,0.405679041
1990,Indiana,4080236.00,1566371.00,1502687.00,0.383892255,0.368284335
1990,Iowa,2030935.00,1004908.00,983933.00,0.494800671,0.484472915
1990,Kansas,1783412.00,805251.00,786096.00,0.451522699,0.440782051
1990,Kentucky,2722356.00,,916010.00,0,0.336476934
1990,Louisiana,2959148.00,,1396113.00,0,0.471795598
1990,Maine,910982.00,,522181.00,0,0.573206715
1990,Maryland,3397126.00,1170867.00,1111088.00,0.34466399,0.327067056
1990,Massachusetts,4384671.00,2424579.00,2341990.00,0.552967144,0.534131295
1990,Michigan,6693069.00,2641649.00,2564563.00,0.394684262,0.383166975
1990,Minnesota,3136830.00,1843104.00,1806777.00,0.587568979,0.575988179
1990,Mississippi,1824156.00,,368502.00,0,0.202012328
1990,Missouri,3740308.00,,1352552.00,0,0.36161514
1990,Montana,573045.00,326652.00,319336.00,0.570028532,0.557261646
1990,Nebraska,1131746.00,604195.00,593828.00,0.533860955,0.524700772
1990,Nevada,858018.00,325959.00,320743.00,0.379897625,0.373818498
1990,New Hampshire,814549.00,307700.00,294819.00,0.377755052,0.361941393
1990,New Jersey,5429251.00,1998894.00,1938454.00,0.368171227,0.357038936
1990,New Mexico,1026902.00,429509.00,411236.00,0.418257049,0.400462751
1990,New York,12271903.00,4290261.00,4056896.00,0.349600302,0.330584099
1990,North Carolina,4938968.00,,2069585.00,0,0.419031871
1990,North Dakota,461711.00,240301.00,233973.00,0.520457602,0.506752059
1990,Ohio,7975680.00,3620469.00,3477650.00,0.453938598,0.436031787
1990,Oklahoma,2251719.00,929639.00,911314.00,0.412857466,0.404719239
1990,Oregon,2057833.00,1133125.00,1112847.00,0.550639921,0.540785866
1990,Pennsylvania,8962083.00,,3052760.00,0,0.340630632
1990,Rhode Island,725084.00,375188.00,364052.00,0.517440738,0.502082517
1990,South Carolina,2537384.00,793614.00,760965.00,0.312768584,0.299901395
1990,South Dakota,494849.00,,258976.00,0,0.523343485
1990,Tennessee,3624940.00,,790441.00,0,0.218056299
1990,Texas,11034190.00,,3892746.00,0,0.352789466
1990,Utah,1086050.00,457983.00,442213.00,0.421696055,0.407175544
1990,Vermont,415564.00,217384.00,211422.00,0.523105948,0.50875918
1990,Virginia,4512504.00,,1152854.00,0,0.255479884
1990,Washington,3421256.00,1362651.00,1313217.00,0.398289692,0.383840613
1990,West Virginia,1347723.00,,404305.00,0,0.29999117
1990,Wisconsin,3541548.00,,1379727.00,0,0.38958303
1990,Wyoming,312961.00,164309.00,160109.00,0.525014299,0.511594096
1988,United States,173579281.00,,91594691.00,0,0.527682166
1988,Alabama,2901744.00,,1378476.00,0,0.475050866
1988,Alaska,355023.00,203433.00,200116.00,0.573013579,0.563670523
1988,Arizona,2454254.00,1204169.00,1171873.00,0.49064563,0.477486438
1988,Arkansas,1689491.00,,827738.00,0,0.489933359
1988,California,17738700.00,10194539.00,9887065.00,0.574706095,0.557372581
1988,Colorado,2327768.00,1416265.00,1372394.00,0.608421887,0.589575078
1988,Connecticut,2379699.00,1461962.00,1443394.00,0.614347445,0.606544777
1988,Delaware,472441.00,254973.00,249891.00,0.539692787,0.528935888
1988,District of Columbia,453636.00,197135.00,192877.00,0.434566481,0.4251801
1988,Florida,8777510.00,,4302313.00,0,0.490151877
1988,Georgia,4459739.00,,1809672.00,0,0.4057798
1988,Hawaii,739890.00,368567.00,354461.00,0.498137561,0.479072565
1988,Idaho,667345.00,421213.00,408968.00,0.631177277,0.612828447
1988,Illinois,7950848.00,4697192.00,4559120.00,0.590778745,0.57341305
1988,Indiana,3996319.00,2222811.00,2168621.00,0.556214606,0.542654628
1988,Iowa,2021793.00,1240854.00,1225614.00,0.613739389,0.606201525
1988,Kansas,1774451.00,,993044.00,0,0.559634501
1988,Kentucky,2680364.00,,1322517.00,0,0.493409477
1988,Louisiana,2941023.00,,1628202.00,0,0.553617568
1988,Maine,888612.00,,555035.00,0,0.624608941
1988,Maryland,3325582.00,1747350.00,1714358.00,0.525426828,0.515506158
1988,Massachusetts,4385728.00,2689857.00,2632801.00,0.613320525,0.600311054
1988,Michigan,6608812.00,3745751.00,3669163.00,0.566781291,0.555192522
1988,Minnesota,3087194.00,2125119.00,2096790.00,0.688365875,0.679189581
1988,Mississippi,1792847.00,,931527.00,0,0.519579752
1988,Missouri,3696905.00,,2093713.00,0,0.566342116
1988,Montana,568014.00,378981.00,365674.00,0.667203625,0.643776386
1988,Nebraska,1125252.00,678669.00,661465.00,0.603126233,0.587837213
1988,Nevada,768131.00,354261.00,350067.00,0.461198676,0.45573867
1988,New Hampshire,800468.00,462503.00,451074.00,0.577790742,0.563512845
1988,New Jersey,5435008.00,3102502.00,3099553.00,0.570836694,0.570294101
1988,New Mexico,1002876.00,535694.00,521287.00,0.534157762,0.519792078
1988,New York,12300666.00,6636310.00,6485683.00,0.539508186,0.527262751
1988,North Carolina,4794041.00,,2134370.00,0,0.44521313
1988,North Dakota,466684.00,309100.00,297261.00,0.662332542,0.636964198
1988,Ohio,7869099.00,4505284.00,4393585.00,0.57252857,0.558333934
1988,Oklahoma,2245785.00,1192815.00,1171036.00,0.531134993,0.52143727
1988,Oregon,1982355.00,1235199.00,1201694.00,0.623096771,0.606195157
1988,Pennsylvania,8892826.00,,4536251.00,0,0.5101023
1988,Rhode Island,721773.00,415963.00,404620.00,0.576307232,0.560591765
1988,South Carolina,2453644.00,1041846.00,986009.00,0.42461172,0.401854955
1988,South Dakota,494034.00,,312991.00,0,0.633541416
1988,Tennessee,3551452.00,,1636250.00,0,0.460727049
1988,Texas,10833436.00,,5427410.00,0,0.500986944
1988,Utah,1043170.00,661546.00,647008.00,0.634168927,0.62023256
1988,Vermont,404795.00,270148.00,243328.00,0.667369903,0.601114144
1988,Virginia,4396900.00,,2191609.00,0,0.498444131
1988,Washington,3282173.00,1923043.00,1865253.00,0.585905435,0.568298198
1988,West Virginia,1347692.00,,653311.00,0,0.484762839
1988,Wisconsin,3489742.00,,2191608.00,0,0.628014335
1988,Wyoming,315073.00,186417.00,176551.00,0.591662884,0.560349506
1986,United States,170396029.00,,64991128.00,0,0.381412222
1986,Alabama,2869652.00,,1236230.00,0,0.430794396
1986,Alaska,351841.00,182526.00,180801.00,0.518774105,0.513871323
1986,Arizona,2319046.00,889668.00,866984.00,0.38363534,0.373853731
1986,Arkansas,1681564.00,,695487.00,0,0.41359532
1986,California,17166275.00,7617142.00,7443551.00,0.443727134,0.433614806
1986,Colorado,2309652.00,1096867.00,1060765.00,0.474905743,0.459274817
1986,Connecticut,2344327.00,1025605.00,993692.00,0.437483764,0.423870902
1986,Delaware,455609.00,165563.00,160757.00,0.363388344,0.352839825
1986,District of Columbia,465993.00,134158.00,131802.00,0.287897028,0.282841159
1986,Florida,8384015.00,,3429996.00,0,0.409111386
1986,Georgia,4300049.00,,1224948.00,0,0.284868382
1986,Hawaii,715459.00,344416.00,334115.00,0.481391666,0.466993916
1986,Idaho,663126.00,392909.00,387426.00,0.592510322,0.584241909
1986,Illinois,7912733.00,3322657.00,3144185.00,0.41991269,0.397357651
1986,Indiana,3943714.00,1619005.00,1555505.00,0.410527995,0.394426421
1986,Iowa,2020678.00,922094.00,910623.00,0.456329014,0.450652207
1986,Kansas,1757001.00,,840605.00,0,0.478431714
1986,Kentucky,2661218.00,,677280.00,0,0.254500007
1986,Louisiana,3014498.00,,1369897.00,0,0.454436195
1986,Maine,858200.00,,426861.00,0,0.497391051
1986,Maryland,3216833.00,1161136.00,1112637.00,0.360956257,0.345879628
1986,Massachusetts,4326264.00,1777276.00,1684079.00,0.410810806,0.389268662
1986,Michigan,6520661.00,2468009.00,2396564.00,0.378490616,0.367533905
1986,Minnesota,3024070.00,1456579.00,1415989.00,0.4816618,0.468239492
1986,Mississippi,1782721.00,,523563.00,0,0.293687571
1986,Missouri,3655213.00,,1477327.00,0,0.40416988
1986,Montana,572113.00,326436.00,317862.00,0.570579588,0.555593038
1986,Nebraska,1123099.00,577916.00,564422.00,0.514572624,0.502557655
1986,Nevada,700192.00,264365.00,261932.00,0.377560726,0.374085965
1986,New Hampshire,760526.00,257410.00,250966.00,0.338463116,0.329990033
1986,New Jersey,5396487.00,1639330.00,1553544.00,0.303777254,0.287880616
1986,New Mexico,987220.00,408621.00,394833.00,0.41391078,0.399944288
1986,New York,12263480.00,4481718.00,4293971.00,0.365452384,0.350142945
1986,North Carolina,4653016.00,,1591330.00,0,0.341999684
1986,North Dakota,473962.00,295177.00,289013.00,0.622786215,0.609780953
1986,Ohio,7781083.00,3628870.00,3121189.00,0.466370812,0.401125268
1986,Oklahoma,2290182.00,934447.00,909925.00,0.40802303,0.397315585
1986,Oregon,1928782.00,1088140.00,1059630.00,0.564159143,0.549377794
1986,Pennsylvania,8820459.00,,3388275.00,0,0.384138172
1986,Rhode Island,711034.00,322724.00,305663.00,0.453879843,0.429885209
1986,South Carolina,2393329.00,763493.00,753751.00,0.319008795,0.314938314
1986,South Dakota,492333.00,,295830.00,0,0.600873799
1986,Tennessee,3478867.00,,1210339.00,0,0.347911835
1986,Texas,10786533.00,,3442368.00,0,0.319135722
1986,Utah,1024337.00,445499.00,435111.00,0.434914486,0.424773292
1986,Vermont,389843.00,211709.00,196716.00,0.543062207,0.504603135
1986,Virginia,4240797.00,,1233611.00,0,0.290891311
1986,Washington,3151152.00,1358160.00,1337367.00,0.43100428,0.424405741
1986,West Virginia,1370305.00,449249.00,410131.00,0.32784599,0.299299061
1986,Wisconsin,3432034.00,,1526960.00,0,0.444914007
1986,Wyoming,328971.00,168615.00,164720.00,0.512552778,0.500712829
1984,United States,167701904.00,,92652680.00,0,0.552484365
1984,Alabama,2831099.00,,1441713.00,0,0.509241464
1984,Alaska,343030.00,213173.00,207605.00,0.621441273,0.605209457
1984,Arizona,2151391.00,1051339.00,1025897.00,0.48867872,0.476852883
1984,Arkansas,1668136.00,,884406.00,0,0.530176197
1984,California,16618345.00,9796375.00,9505423.00,0.589491613,0.571983732
1984,Colorado,2267668.00,1343437.00,1295380.00,0.592431079,0.571238823
1984,Connecticut,2300533.00,1490946.00,1466900.00,0.648087204,0.637634844
1984,Delaware,442354.00,258182.00,254572.00,0.58365472,0.575493835
1984,District of Columbia,471669.00,219193.00,211288.00,0.464717842,0.447958208
1984,Florida,7976805.00,,4180051.00,0,0.524025722
1984,Georgia,4119852.00,,1776120.00,0,0.431112574
1984,Hawaii,694187.00,349253.00,335846.00,0.503110833,0.483797593
1984,Idaho,662771.00,421935.00,411144.00,0.636622604,0.620340962
1984,Illinois,7922605.00,4969352.00,4819088.00,0.627237127,0.608270638
1984,Indiana,3916362.00,2268493.00,2233069.00,0.579234759,0.57018963
1984,Iowa,2057482.00,1339886.00,1319805.00,0.65122611,0.641466122
1984,Kansas,1751223.00,,1021991.00,0,0.583587013
1984,Kentucky,2643027.00,,1369345.00,0,0.518097242
1984,Louisiana,3019930.00,,1706822.00,0,0.565185948
1984,Maine,840251.00,,553144.00,0,0.658308053
1984,Maryland,3113967.00,1695924.00,1675873.00,0.544618488,0.538179435
1984,Massachusetts,4273437.00,2595054.00,2559453.00,0.607252195,0.59892143
1984,Michigan,6407156.00,3884854.00,3801658.00,0.606330484,0.593345628
1984,Minnesota,2982015.00,2115317.00,2084449.00,0.709358269,0.69900688
1984,Mississippi,1766654.00,,941104.00,0,0.532704197
1984,Missouri,3617948.00,,2122783.00,0,0.586736736
1984,Montana,578925.00,395006.00,384377.00,0.682309453,0.663949562
1984,Nebraska,1135012.00,670781.00,652090.00,0.590990227,0.57452256
1984,Nevada,656862.00,294413.00,286667.00,0.448211344,0.436418913
1984,New Hampshire,718967.00,406608.00,388904.00,0.565544733,0.540920515
1984,New Jersey,5318696.00,3215941.00,3217862.00,0.604648395,0.605009574
1984,New Mexico,956246.00,522328.00,514370.00,0.546227644,0.537905518
1984,New York,12232120.00,7000828.00,6806810.00,0.572331534,0.556470179
1984,North Carolina,4512013.00,,2175361.00,0,0.482126492
1984,North Dakota,482655.00,324179.00,308971.00,0.671657809,0.640148761
1984,Ohio,7732456.00,4664223.00,4547619.00,0.603200717,0.588120902
1984,Oklahoma,2324445.00,1290555.00,1255676.00,0.555209953,0.540204651
1984,Oregon,1906880.00,1265824.00,1226527.00,0.663819433,0.643211424
1984,Pennsylvania,8790815.00,,4844903.00,0,0.551132404
1984,Rhode Island,697537.00,422851.00,410492.00,0.606205836,0.588487779
1984,South Carolina,2329080.00,1018701.00,968529.00,0.43738343,0.415841877
1984,South Dakota,494651.00,,317867.00,0,0.642608627
1984,Tennessee,3415760.00,,1711994.00,0,0.501204417
1984,Texas,10582774.00,,5397571.00,0,0.510033664
1984,Utah,998820.00,641846.00,629656.00,0.642604273,0.630399872
1984,Vermont,381479.00,235140.00,234561.00,0.616390417,0.61487264
1984,Virginia,4100160.00,,2146635.00,0,0.523549081
1984,Washington,3072714.00,1931546.00,1883910.00,0.62861236,0.613109453
1984,West Virginia,1391427.00,,735742.00,0,0.528767948
1984,Wisconsin,3409202.00,,2211689.00,0,0.648740966
1984,Wyoming,338733.00,196153.00,188968.00,0.579078507,0.557867111
1982,United States (Excl. Louisiana),160466919.00,,67615576.00,0,0.421367696
1982,Alabama,2780689.00,,1128725.00,0,0.405915584
1982,Alaska,307558.00,199458.00,194885.00,0.64852158,0.633652839
1982,Arizona,2017098.00,742923.00,726364.00,0.368312794,0.360103475
1982,Arkansas,1639482.00,,789351.00,0,0.481463657
1982,California,16161555.00,8064314.00,7876698.00,0.498981317,0.487372533
1982,Colorado,2196263.00,1037774.00,956021.00,0.472518091,0.435294407
1982,Connecticut,2253328.00,1112428.00,1084156.00,0.493682234,0.481135458
1982,Delaware,430257.00,195726.00,190960.00,0.454904859,0.443827759
1982,District of Columbia,470719.00,,117623.00,0,0.24987944
1982,Florida,7565499.00,,2688566.00,0,0.355371933
1982,Georgia,3945107.00,,1169041.00,0,0.296326817
1982,Hawaii,671172.00,325459.00,311853.00,0.484911468,0.464639466
1982,Idaho,650534.00,332237.00,326522.00,0.510714275,0.501929184
1982,Illinois,7908220.00,3856875.00,3673681.00,0.487704566,0.464539555
1982,Indiana,3879314.00,1834225.00,1817287.00,0.472821999,0.468455763
1982,Iowa,2068844.00,1050495.00,1038229.00,0.507769073,0.501840158
1982,Kansas,1736298.00,,763263.00,0,0.439592167
1982,Kentucky,2615445.00,,700322.00,0,0.267763994
1982,Louisiana,2982702.00,,,0,0
1982,Maine,817814.00,,460295.00,0,0.562835804
1982,Maryland,3034834.00,1190011.00,1139149.00,0.392117328,0.375357927
1982,Massachusetts,4184146.00,2103780.00,2050769.00,0.502797943,0.490128452
1982,Michigan,6357552.00,3135928.00,3040008.00,0.493260299,0.478172731
1982,Minnesota,2943169.00,1834737.00,1804675.00,0.623388259,0.613174099
1982,Mississippi,1743267.00,,645026.00,0,0.370009872
1982,Missouri,3567803.00,,1543521.00,0,0.432625064
1982,Montana,569629.00,328082.00,321062.00,0.575957334,0.563633523
1982,Nebraska,1128918.00,559422.00,547902.00,0.495538206,0.485333744
1982,Nevada,621060.00,242578.00,240394.00,0.390587061,0.387070492
1982,New Hampshire,686264.00,289057.00,282588.00,0.421203793,0.411777392
1982,New Jersey,5224732.00,2286925.00,2193945.00,0.437711446,0.419915318
1982,New Mexico,919311.00,417945.00,407466.00,0.454628521,0.443229767
1982,New York,12118685.00,5437367.00,5254891.00,0.448676321,0.433618912
1982,North Carolina,4347870.00,,1321080.00,0,0.303845331
1982,North Dakota,476851.00,272876.00,262465.00,0.572245838,0.550413022
1982,Ohio,7692059.00,3551995.00,3395463.00,0.461774279,0.441424461
1982,Oklahoma,2302670.00,901488.00,883130.00,0.391496828,0.383524343
1982,Oregon,1895706.00,1063913.00,1042009.00,0.561222574,0.549668039
1982,Pennsylvania,8749931.00,,3683985.00,0,0.421030177
1982,Rhode Island,684977.00,370928.00,342779.00,0.541518912,0.500424102
1982,South Carolina,2260577.00,688300.00,671625.00,0.304479785,0.29710335
1982,South Dakota,489474.00,,278562.00,0,0.569104794
1982,Tennessee,3357236.00,,1259785.00,0,0.375244695
1982,Texas,10228820.00,,3191091.00,0,0.311970589
1982,Utah,962724.00,537207.00,530802.00,0.558007279,0.551354282
1982,Vermont,372982.00,172084.00,169251.00,0.461373471,0.45377793
1982,Virginia,3960296.00,,1415622.00,0,0.357453584
1982,Washington,2999997.00,1404831.00,1368476.00,0.468277468,0.456159123
1982,West Virginia,1399303.00,,565314.00,0,0.403996847
1982,Wisconsin,3372875.00,,1580344.00,0,0.468545084
1982,Wyoming,344218.00,172065.00,168555.00,0.499872174,0.489675148
1980,United States,159635102.00,,86515221.00,0,0.541956123
1980,Alabama,2726249.00,,1341929.00,0,0.492225398
1980,Alaska,270122.00,162653.00,158445.00,0.602146438,0.586568291
1980,Arizona,1890167.00,898183.00,873945.00,0.475187113,0.462363908
1980,Arkansas,1610104.00,,837582.00,0,0.520203664
1980,California,15610966.00,8775459.00,8587063.00,0.562134272,0.550066088
1980,Colorado,2071959.00,1225549.00,1184415.00,0.591492882,0.571640172
1980,Connecticut,2201356.00,1423403.00,1406285.00,0.646602821,0.638826705
1980,Delaware,421344.00,239136.00,235900.00,0.567555252,0.559875066
1980,District of Columbia,470956.00,178434.00,175237.00,0.378876158,0.372087838
1980,Florida,7088658.00,,3686930.00,0,0.520116784
1980,Georgia,3791652.00,,1596695.00,0,0.421108003
1980,Hawaii,646583.00,318026.00,303287.00,0.491856421,0.469061203
1980,Idaho,633624.00,446045.00,437431.00,0.703958499,0.690363686
1980,Illinois,7868300.00,4868890.00,4749721.00,0.618798216,0.603652759
1980,Indiana,3846321.00,2275433.00,2242033.00,0.59158687,0.582903247
1980,Iowa,2070935.00,1314258.00,1317661.00,0.634620594,0.636263813
1980,Kansas,1704420.00,,979795.00,0,0.574855376
1980,Kentucky,2562572.00,,1294627.00,0,0.505206098
1980,Louisiana,2868792.00,,1548591.00,0,0.539805953
1980,Maine,799746.00,,523011.00,0,0.653971386
1980,Maryland,2964704.00,1557709.00,1540496.00,0.525418052,0.519612076
1980,Massachusetts,4110721.00,2566807.00,2524298.00,0.624417712,0.614076703
1980,Michigan,6374955.00,3978647.00,3909725.00,0.624105896,0.613294525
1980,Minnesota,2882406.00,2079451.00,2051980.00,0.721428903,0.711898324
1980,Mississippi,1704163.00,,892620.00,0,0.523787924
1980,Missouri,3529489.00,,2099824.00,0,0.594937114
1980,Montana,554636.00,371976.00,363952.00,0.670666888,0.656199742
1980,Nebraska,1115142.00,651281.00,640854.00,0.584034141,0.574683762
1980,Nevada,573118.00,297318.00,247885.00,0.518772748,0.432520005
1980,New Hampshire,660560.00,402415.00,383990.00,0.609202798,0.581309798
1980,New Jersey,5123773.00,2999879.00,2975684.00,0.585482417,0.580760311
1980,New Mexico,873515.00,464848.00,456971.00,0.532158005,0.523140415
1980,New York,12006100.00,6359218.00,6201959.00,0.529665587,0.516567328
1980,North Carolina,4203817.00,,1855833.00,0,0.441463794
1980,North Dakota,462223.00,314525.00,301545.00,0.680461595,0.652379912
1980,Ohio,7637813.00,4378937.00,4283603.00,0.573323411,0.560841566
1980,Oklahoma,2162051.00,1172303.00,1149708.00,0.542218014,0.531767289
1980,Oregon,1880863.00,1209691.00,1181516.00,0.643157423,0.628177597
1980,Pennsylvania,8664166.00,,4561501.00,0,0.526478948
1980,Rhode Island,675067.00,423349.00,416072.00,0.627121456,0.616341785
1980,South Carolina,2176721.00,922397.00,894071.00,0.423755272,0.410742121
1980,South Dakota,484328.00,,327703.00,0,0.676613782
1980,Tennessee,3285608.00,,1617616.00,0,0.492333839
1980,Texas,9572904.00,,4541636.00,0,0.474426151
1980,Utah,915484.00,609691.00,604222.00,0.665976686,0.660002796
1980,Vermont,363143.00,215500.00,213299.00,0.593430136,0.587369163
1980,Virginia,3830887.00,,1866032.00,0,0.487101812
1980,Washington,2923670.00,1772904.00,1742394.00,0.606396755,0.59596124
1980,West Virginia,1387231.00,742150.00,737715.00,0.534986603,0.531789587
1980,Wisconsin,3322053.00,,2273221.00,0,0.684281979
1980,Wyoming,326644.00,181004.00,176713.00,0.554132328,0.540995702
